{
	"run__flow__platform__time_units": "1ns",
	"run__flow__platform__capacitance_units": "1pF",
	"run__flow__platform__resistance_units": "1kohm",
	"run__flow__platform__voltage_units": "1v",
	"run__flow__platform__current_units": "1mA",
	"run__flow__platform__power_units": "1nW",
	"run__flow__platform__distance_units": "1um",
	"floorplan__timing__setup__tns": 0,
	"floorplan__timing__setup__ws": 1e+39,
	"floorplan__design__io": 3,
	"floorplan__design__die__area": 40000,
	"floorplan__design__core__area": 5295.08,
	"floorplan__design__instance__count": 7,
	"floorplan__design__instance__area": 1079.27,
	"floorplan__design__instance__count__stdcell": 7,
	"floorplan__design__instance__area__stdcell": 1079.27,
	"floorplan__design__instance__count__macros": 0,
	"floorplan__design__instance__area__macros": 0,
	"floorplan__design__instance__utilization": 0.203824,
	"floorplan__design__instance__utilization__stdcell": 0.203824
}